{
  "WVF_6.5": {
    "present": true,
    "label": "WVF_6.5",
    "ours": {
      "makati_loss_median": 0.13763653521370864,
      "makati_loss_mean": 0.19059380545438664,
      "makati_loss_p90": 0.40143084179728,
      "qc_loss_median": 0.23406500419845228,
      "qc_loss_mean": 0.2578964476153643,
      "qc_loss_p90": 0.43529397042206613,
      "whole_loss_median": 0.20985889360771012,
      "whole_loss_mean": 0.23460699405113897,
      "whole_loss_p90": 0.4106770559072471,
      "makati_inj_ratio_median": 0.13160312092469223,
      "qc_inj_ratio_median": 0.07811268906911567,
      "makati_fat_ratio_median": 0.005279879283865652,
      "qc_fat_ratio_median": 0.0031630869498802798,
      "makati_recov90_median": 1070.0100726193355,
      "qc_recov90_median": 629.8093823102165,
      "collapse_rate": 0.1649794319294809,
      "demolition_rate": 0.09682272282076396,
      "loss_source": {
        "collapse_share_of_total_loss": 0.4426266548286196,
        "demolition_share_of_total_loss": 0.1995537303618421,
        "component_share_of_total_loss": 0.35781961480953844,
        "noncollapse_cell_loss_ratio_mean": 0.19293152733676475,
        "noncollapse_cell_loss_ratio_median": 0.10936897555031908
      },
      "extrapolated_above_stripe": 0.13947208619000978
    },
    "thesis_2021": {
      "MK": {
        "loss_median": 0.14,
        "loss_p90": null
      },
      "QC": {
        "loss_median": 0.09,
        "loss_p90": null
      },
      "MK_inj_ratio": 0.04,
      "QC_inj_ratio": 0.04,
      "MK_recov90": 450,
      "QC_recov90": 175,
      "confidence": "medium (Appendix E CDF read)"
    }
  },
  "WVF_7.3": {
    "present": true,
    "label": "WVF_7.3",
    "ours": {
      "makati_loss_median": 0.20645968462725428,
      "makati_loss_mean": 0.26720892298703164,
      "makati_loss_p90": 0.5898801229984897,
      "qc_loss_median": 0.32283182557978446,
      "qc_loss_mean": 0.3485983731581442,
      "qc_loss_p90": 0.5712685921626218,
      "whole_loss_median": 0.2947717773544348,
      "whole_loss_mean": 0.32043431065604855,
      "whole_loss_p90": 0.5434602779142997,
      "makati_inj_ratio_median": 0.14987639833648275,
      "qc_inj_ratio_median": 0.09823001043968554,
      "makati_fat_ratio_median": 0.007978618028549683,
      "qc_fat_ratio_median": 0.004618040670125658,
      "makati_recov90_median": 1106.0,
      "qc_recov90_median": 662.6314395584377,
      "collapse_rate": 0.22237022526934377,
      "demolition_rate": 0.1154309500489716,
      "loss_source": {
        "collapse_share_of_total_loss": 0.503869512862467,
        "demolition_share_of_total_loss": 0.2065412528477698,
        "component_share_of_total_loss": 0.28958923428976324,
        "noncollapse_cell_loss_ratio_mean": 0.2255794369176145,
        "noncollapse_cell_loss_ratio_median": 0.136306789172349
      },
      "extrapolated_above_stripe": 0.23158276199804115
    },
    "thesis_2021": {
      "MK": {
        "loss_median": 0.26,
        "loss_p90": 0.42
      },
      "QC": {
        "loss_median": 0.31,
        "loss_p90": 0.47
      },
      "WHOLE": {
        "loss_median": 0.256,
        "loss_p90": 0.351
      },
      "MK_inj_ratio": 0.145,
      "QC_inj_ratio": 0.091,
      "MK_recov90": 970,
      "QC_recov90": 640,
      "confidence": "high (Ch.7 text; whole = .mat PA_Loss)"
    }
  },
  "EVF_6.6": {
    "present": true,
    "label": "EVF_6.6",
    "ours": {
      "makati_loss_median": 0.03432032754093478,
      "makati_loss_mean": 0.046620144260335006,
      "makati_loss_p90": 0.08795240377203963,
      "qc_loss_median": 0.15145708662269897,
      "qc_loss_mean": 0.17293172074326282,
      "qc_loss_p90": 0.29806919175211805,
      "whole_loss_median": 0.11126866677548591,
      "whole_loss_mean": 0.12922277410061725,
      "whole_loss_p90": 0.21798955547585533,
      "makati_inj_ratio_median": 0.061299068817574076,
      "qc_inj_ratio_median": 0.0564245617371068,
      "makati_fat_ratio_median": 0.0016646605075297835,
      "qc_fat_ratio_median": 0.0018800541503048965,
      "makati_recov90_median": 691.4220414789745,
      "qc_recov90_median": 582.831199621802,
      "collapse_rate": 0.09539471106758081,
      "demolition_rate": 0.07213418217433888,
      "loss_source": {
        "collapse_share_of_total_loss": 0.27228086424910675,
        "demolition_share_of_total_loss": 0.20234018278208307,
        "component_share_of_total_loss": 0.5253789529688102,
        "noncollapse_cell_loss_ratio_mean": 0.1559190546311958,
        "noncollapse_cell_loss_ratio_median": 0.08050964153404003
      },
      "extrapolated_above_stripe": 0.042724779627815866
    },
    "thesis_2021": {
      "MK": {
        "loss_median": 0.07,
        "loss_p90": null
      },
      "QC": {
        "loss_median": 0.09,
        "loss_p90": null
      },
      "MK_inj_ratio": 0.06,
      "QC_inj_ratio": 0.03,
      "MK_recov90": 550,
      "QC_recov90": 150,
      "confidence": "medium (Appendix E CDF read; label Mw 6.6 / sim 6.9)"
    }
  },
  "GNW_7.2": {
    "present": true,
    "label": "GNW_7.2",
    "ours": {
      "makati_loss_median": 0.02538248192924577,
      "makati_loss_mean": 0.033567129635456903,
      "makati_loss_p90": 0.06331197032366614,
      "qc_loss_median": 0.06009931032487156,
      "qc_loss_mean": 0.07022109435391824,
      "qc_loss_p90": 0.1181118926458939,
      "whole_loss_median": 0.04868721456444146,
      "whole_loss_mean": 0.05753733065837781,
      "whole_loss_p90": 0.0976081504493925,
      "makati_inj_ratio_median": 0.046392318278859465,
      "qc_inj_ratio_median": 0.01847989974336433,
      "makati_fat_ratio_median": 0.0012443841483185665,
      "qc_fat_ratio_median": 0.0005543590937793505,
      "makati_recov90_median": 617.128545359137,
      "qc_recov90_median": 339.85525524862317,
      "collapse_rate": 0.03709598432908913,
      "demolition_rate": 0.026383937316356514,
      "loss_source": {
        "collapse_share_of_total_loss": 0.18149611568995508,
        "demolition_share_of_total_loss": 0.09541878295791327,
        "component_share_of_total_loss": 0.7230851013521317,
        "noncollapse_cell_loss_ratio_mean": 0.10338642043978863,
        "noncollapse_cell_loss_ratio_median": 0.040915051246367844
      },
      "extrapolated_above_stripe": 0.0030950048971596475
    },
    "thesis_2021": {
      "MK": {
        "loss_median": 0.045,
        "loss_p90": null
      },
      "QC": {
        "loss_median": 0.04,
        "loss_p90": null
      },
      "MK_inj_ratio": 0.06,
      "QC_inj_ratio": 0.025,
      "MK_recov90": 500,
      "QC_recov90": 200,
      "confidence": "medium (Appendix E CDF read; label Mw 7.2 / sim 7.6)"
    }
  },
  "MnlTrench_8.15": {
    "present": true,
    "label": "MnlTrench_8.15",
    "ours": {
      "makati_loss_median": 0.036826586923279364,
      "makati_loss_mean": 0.05505085513901582,
      "makati_loss_p90": 0.10928365511085204,
      "qc_loss_median": 0.0939383584361107,
      "qc_loss_mean": 0.11136190912640173,
      "qc_loss_p90": 0.19646119257628902,
      "whole_loss_median": 0.07545501512600095,
      "whole_loss_mean": 0.0918759924538436,
      "whole_loss_p90": 0.1637851530757063,
      "makati_inj_ratio_median": 0.06722569958771704,
      "qc_inj_ratio_median": 0.03218735878042002,
      "makati_fat_ratio_median": 0.0017835951472207228,
      "qc_fat_ratio_median": 0.0009946312222511556,
      "makati_recov90_median": 736.0868023801773,
      "qc_recov90_median": 431.5985863893806,
      "collapse_rate": 0.05689030362389814,
      "demolition_rate": 0.04196571988246817,
      "loss_source": {
        "collapse_share_of_total_loss": 0.2526120968389116,
        "demolition_share_of_total_loss": 0.14223832880318252,
        "component_share_of_total_loss": 0.6051495743579058,
        "noncollapse_cell_loss_ratio_mean": 0.13091645658544765,
        "noncollapse_cell_loss_ratio_median": 0.060812330630918926
      },
      "extrapolated_above_stripe": 0.014188050930460333
    },